,scores,centers
0,0.9982415437698364,[-0.64699936 -3.38299942  2.99300003]
1,0.9983212351799011,[ 3.35300064 -7.38299942 -5.00699997]
